<?xml version="1.0" encoding="UTF-8"?>
<beans xmlns="http://www.springframework.org/schema/beans"
	xmlns:xsi="http://www.w3.org/2001/XMLSchema-instance" xmlns:mvc="http://www.springframework.org/schema/mvc"
	xmlns:context="http://www.springframework.org/schema/context"
	xmlns:aop="http://www.springframework.org/schema/aop" xmlns:tx="http://www.springframework.org/schema/tx"
	xsi:schemaLocation="http://www.springframework.org/schema/beans 
		http://www.springframework.org/schema/beans/spring-beans-3.0.xsd 
		http://www.springframework.org/schema/mvc 
		http://www.springframework.org/schema/mvc/spring-mvc-3.0.xsd 
		http://www.springframework.org/schema/context 
		http://www.springframework.org/schema/context/spring-context-3.0.xsd 
		http://www.springframework.org/schema/aop 
		http://www.springframework.org/schema/aop/spring-aop-3.0.xsd 
		http://www.springframework.org/schema/tx 
		http://www.springframework.org/schema/tx/spring-tx-3.0.xsd ">
	 <context:component-scan base-package="com.service.ws" />
   <!-- 	<bean id="clientCorp" class="com.service.ws.importCorp" factory-bean="clientFactory"
		factory-method="create" />
	<bean id="clientFactory" class="org.apache.cxf.jaxws.JaxWsProxyFactoryBean">
		<property name="serviceClass" value="com.service.ws.importCorp" />
		<property name="address"
			value="http://10.0.191.216:9000/PersonMeth/importCorp?wsdl" />
	</bean>  --> 

   <bean id="clientName" class="com.service.ws.importName" factory-bean="clientFactory"
		factory-method="create" />

	<bean id="clientFactory" class="org.apache.cxf.jaxws.JaxWsProxyFactoryBean">
		<property name="serviceClass" value="com.service.ws.importName" />
		<property name="address"
			value="http://127.0.0.1:9000/PersonMeth/importName?wsdl" />
	</bean>   
	
	 <!--  <bean id="clientVendor" class="com.service.ws.ImportVendor" factory-bean="clientFactory"
		factory-method="create" />

	<bean id="clientFactory" class="org.apache.cxf.jaxws.JaxWsProxyFactoryBean">
		<property name="serviceClass" value="com.service.ws.ImportVendor" />
		<property name="address"
			value="http://10.0.191.216:9000/PersonMeth/importVendor?wsdl"/>
	</bean> -->
	
	
</beans>
